{"cameraMode":{"drawMode":0,"name":"Shaded","section":"Shading Mode"},"sceneLighting":true,"audioPlay":false,"sceneViewState":{"m_AlwaysRefresh":false,"showFog":true,"showSkybox":true,"showFlares":true,"showImageEffects":true,"showParticleSystems":true,"showVisualEffectGraphs":true,"m_FxEnabled":true},"in2DMode":false,"pivot":{"x":-0.41449493169784548,"y":-3.2209787368774416,"z":-6.396114349365234},"rotation":{"x":0.2370680868625641,"y":-0.023637598380446435,"z":0.005766230635344982,"w":0.9712285995483398},"size":5.685611724853516,"orthographic":false}